<?xml version="1.0"?>
<doc>
    <assembly>
        <name>Swordfish.NET</name>
    </assembly>
    <members>
        <member name="T:Swordfish.NET.General.Extensions">
            <summary>
                Contains general purpose extention methods.
            </summary>
        </member>
        <member name="M:Swordfish.NET.General.Extensions.Pow(System.Int32,System.Int32)">
            <summary>
            Really fast integer exponent
            from http://stackoverflow.com/questions/383587/how-do-you-do-integer-exponentiation-in-c
            </summary>
            <param name="x"></param>
            <param name="pow"></param>
            <returns></returns>
        </member>
        <member name="M:Swordfish.NET.General.Extensions.AllUnique``1(System.Collections.Generic.IList{``0})">
            <summary>
                Returns true if all items in the list are unique using
                <see cref="P:System.Collections.Generic.EqualityComparer`1.Default">EqualityComparer&lt;T&gt;.Default</see>.
            </summary>
            <exception cref="T:System.ArgumentNullException">if <param name="source"/> is null.</exception>
        </member>
        <member name="M:Swordfish.NET.General.Extensions.TrueForAllPairs``1(System.Collections.Generic.IList{``0},System.Func{``0,``0,System.Boolean})">
            <summary>
                Returns true if <paramref name="compare"/> returns
                true for every pair of items in <paramref name="source"/>.
            </summary>
        </member>
        <member name="M:Swordfish.NET.General.Extensions.TrueForAllAdjacentPairs``1(System.Collections.Generic.IList{``0},System.Func{``0,``0,System.Boolean})">
            <summary>
                Returns true if <paramref name="compare"/> returns true of every
                adjacent pair of items in the <paramref name="source"/>.
            </summary>
            <remarks>
            <para>
                If there are n items in the collection, n-1 comparisons are done. 
            </para>
            <para>
                Every valid [i] and [i+1] pair are passed into <paramref name="compare"/>.
            </para>
            <para>
                If <paramref name="source"/> has 0 or 1 items, true is returned. 
            </para>
            </remarks>
        </member>
        <member name="M:Swordfish.NET.General.Extensions.AllNotNullOrEmpty(System.Collections.Generic.IEnumerable{System.String})">
            <summary>
                Returns true if all of the items in <paramref name="source"/> are not 
                null or empty.
            </summary>
            <exception cref="T:System.ArgumentNullException">if <param name="source"/> is null.</exception>
        </member>
        <member name="M:Swordfish.NET.General.Extensions.AllExistIn``1(System.Collections.Generic.IEnumerable{``0},System.Collections.Generic.IEnumerable{``0})">
            <summary>
                Returns true if all items in <paramref name="source"/> exist
                in <paramref name="set"/>.
            </summary>
            <exception cref="T:System.ArgumentNullException">if <param name="source"/> or <param name="set"/> are null.</exception>
        </member>
        <member name="M:Swordfish.NET.General.Extensions.IsEmpty``1(System.Collections.Generic.IEnumerable{``0})">
            <summary>
                Returns true if <paramref name="source"/> has no items in it; otherwise, false.
            </summary>
            <remarks>
            <para>
                If an <see cref="T:System.Collections.Generic.ICollection`1"/> is provided,
                <see cref="P:System.Collections.Generic.ICollection`1.Count"/> is used.
            </para>
            <para>
                Yes, this does basically the same thing as the
                <see cref="M:System.Linq.Enumerable.Any``1(System.Collections.Generic.IEnumerable{``0})"/>
                extention. The differences: 'IsEmpty' is easier to remember and it leverages 
                <see cref="P:System.Collections.Generic.ICollection`1.Count">ICollection.Count</see> if it exists.
            </para>    
            </remarks>
        </member>
        <member name="M:Swordfish.NET.General.Extensions.IndexOf``1(System.Collections.Generic.IEnumerable{``0},System.Func{``0,System.Boolean})">
            <summary>
                Returns the index of the first item in <paramref name="source"/>
                for which <paramref name="predicate"/> returns true. If none, -1.
            </summary>
            <param name="source">The source enumerable.</param>
            <param name="predicate">The function to evaluate on each element.</param>
        </member>
        <member name="M:Swordfish.NET.General.Extensions.ToReadOnlyCollection``1(System.Collections.Generic.IEnumerable{``0})">
            <summary>
                Returns a new <see cref="T:System.Collections.ObjectModel.ReadOnlyCollection`1"/> using the
                contents of <paramref name="source"/>.
            </summary>
            <remarks>
                The contents of <paramref name="source"/> are copied to
                an array to ensure the contents of the returned value
                don't mutate.
            </remarks>
        </member>
        <member name="M:Swordfish.NET.General.Extensions.ForEach``1(System.Collections.Generic.IEnumerable{``0},Swordfish.NET.General.Extensions.ForEachAction{``0})">
            <summary>
                Performs the specified <paramref name="action"/>  
                on each element of the specified <paramref name="source"/>.
            </summary>
            <typeparam name="TSource">The type of the elements of <paramref name="source"/>.</typeparam>
            <param name="source">The sequence to which is applied the specified <paramref name="action"/>.</param>
            <param name="action">The action applied to each element in <paramref name="source"/>.</param>
        </member>
        <member name="M:Swordfish.NET.General.Extensions.EmptyIfNull``1(System.Collections.Generic.IEnumerable{``0})">
            <summary>
                If <paramref name="source"/> is null, return an empty <see cref="T:System.Collections.Generic.IEnumerable`1"/>;
                otherwise, return <paramref name="source"/>.
            </summary>
        </member>
        <member name="M:Swordfish.NET.General.Extensions.SelectRecursive``1(System.Collections.Generic.IEnumerable{``0},System.Func{``0,System.Collections.Generic.IEnumerable{``0}})">
            <summary>
                Recursively projects each nested element to an <see cref="T:System.Collections.Generic.IEnumerable`1"/>
                and flattens the resulting sequences into one sequence.
            </summary>
            <typeparam name="TSource">The type of the elements of <paramref name="source"/>.</typeparam>
            <param name="source">A sequence of values to project.</param>
            <param name="recursiveSelector">A transform to apply to each element.</param>
            <returns>
                An <see cref="T:System.Collections.Generic.IEnumerable`1"/> whose elements are the
                result of recursively invoking the recursive transform function
                on each element and nested element of the input sequence.
            </returns>
        </member>
        <member name="M:Swordfish.NET.General.Extensions.SerializableClone``1(``0)">
            <summary>
            Perform a deep Copy of the object.
            </summary>
            <typeparam name="T">The type of object being copied.</typeparam>
            <param name="source">The object instance to copy.</param>
            <returns>The copied object.</returns>
        </member>
        <member name="M:Swordfish.NET.General.Extensions.GetEnumDescription(System.Enum)">
            <summary>
            Gets the description for the enumerated type
            </summary>
            <param name="currentEnum"></param>
            <returns></returns>
        </member>
        <member name="M:Swordfish.NET.General.Extensions.ToEngineeringNotation(System.Double,System.Int32)">
            <summary>
            Converts a double to Engineering Notation
            </summary>
            <example>
            class Program {
              static void Main(string[] args) {
                for (int i = -18; i &lt;= 28; ++i) {
                  double a = Math.Pow(10, i) * 1.234567890123;
                  Console.WriteLine("{0} -> {1}Hz",a,a.ToEngineeringNotation());
                }
                Console.ReadLine();
              }
            }
            
            Gives the following output
            
            1.234567890123E-18 -> 0.00123aHz
            1.234567890123E-17 -> 0.0123aHz
            1.234567890123E-16 -> 0.123aHz
            1.234567890123E-15 -> 1.23fHz
            1.234567890123E-14 -> 12.3fHz
            1.234567890123E-13 -> 123fHz
            1.234567890123E-12 -> 1.23pHz
            1.234567890123E-11 -> 12.3pHz
            1.234567890123E-10 -> 123pHz
            1.234567890123E-09 -> 1.23nHz
            1.234567890123E-08 -> 12.3nHz
            1.234567890123E-07 -> 123nHz
            1.234567890123E-06 -> 1.23µHz
            1.234567890123E-05 -> 12.3µHz
            0.0001234567890123 -> 123µHz
            0.001234567890123 -> 1.23mHz
            0.01234567890123 -> 12.3mHz
            0.1234567890123 -> 123mHz
            1.234567890123 -> 1.23Hz
            12.34567890123 -> 12.3Hz
            123.4567890123 -> 123Hz
            1234.567890123 -> 1.23kHz
            12345.67890123 -> 12.3kHz
            123456.7890123 -> 123kHz
            1234567.890123 -> 1.23MHz
            12345678.90123 -> 12.3MHz
            123456789.0123 -> 123MHz
            1234567890.123 -> 1.23GHz
            12345678901.23 -> 12.3GHz
            123456789012.3 -> 123GHz
            1234567890123 -> 1.23THz
            12345678901230 -> 12.3THz
            123456789012300 -> 123THz
            1.234567890123E+15 -> 1.23PHz
            1.234567890123E+16 -> 12.3PHz
            1.234567890123E+17 -> 123PHz
            1.234567890123E+18 -> 1.23EHz
            1.234567890123E+19 -> 12.3EHz
            1.234567890123E+20 -> 123EHz
            1.234567890123E+21 -> 1.23ZHz
            1.234567890123E+22 -> 12.3ZHz
            1.234567890123E+23 -> 123ZHz
            1.234567890123E+24 -> 1.23YHz
            1.234567890123E+25 -> 12.3YHz
            1.234567890123E+26 -> 123YHz
            1.234567890123E+27 -> 1235YHz
            1.234567890123E+28 -> 12346YHz
            </example>
            <param name="d">the double to convert</param>
            <param name="significantFigures">The number of significant figures</param>
            <returns>A string</returns>
        </member>
        <member name="M:Swordfish.NET.General.Extensions.FirstCharUpper(System.String)">
            <summary>
            returns a string with the first letter capitalized. 
            </summary>
        </member>
        <member name="M:Swordfish.NET.General.Extensions.FirstCharLower(System.String)">
            <summary>
            returns a string with the first letter lower case.
            </summary>
            <param name="aString"></param>
            <returns></returns>
        </member>
        <!-- Badly formed XML comment ignored for member "M:Swordfish.NET.General.Extensions.EndWith``1(System.Collections.Generic.IEnumerable{``0},System.Action)" -->
        <!-- Badly formed XML comment ignored for member "M:Swordfish.NET.General.Extensions.BeginWith``1(System.Collections.Generic.IEnumerable{``0},System.Action)" -->
        <member name="F:Swordfish.NET.General.Extensions._numberFinder">
            <summary>
            Match any number that is not preceded by a decimal point or a decimal point with numbers after
            </summary>
        </member>
        <member name="M:Swordfish.NET.General.Extensions.OrderByAlphaNumeric``1(System.Collections.Generic.IEnumerable{``0},System.Func{``0,System.String},System.Int32)">
            <summary>
            Order items like this:
            abc2cc
            abc4cc
            abc20cc
            abc40cc
            abc200cc
            abc400cc
            </summary>
            <typeparam name="T"></typeparam>
            <param name="source"></param>
            <param name="selector"></param>
            <param name="maxDigits"></param>
            <returns></returns>
        </member>
        <member name="M:Swordfish.NET.General.Extensions.AlphaNumericReplacer(System.String,System.Int32)">
            <summary>
            All this code below is just for handling negative numbers, else the code above could've just looked like this:
            return source.OrderBy(i => _numberFinder.Value.Replace(selector(i), match => match.Value.PadLeft(maxDigits, '0')));
            </summary>
            <param name="input"></param>
            <param name="maxDigits"></param>
            <returns></returns>
        </member>
        <member name="M:Swordfish.NET.General.Extensions.Ensure(System.Collections.IEnumerable)">
            <summary>
            Ensures the IEnumerable is not null
            </summary>
            <param name="source"></param>
            <returns></returns>
        </member>
        <member name="M:Swordfish.NET.General.Extensions.Ensure``1(System.Collections.Generic.IEnumerable{``0})">
            <summary>
            Ensures the IEnumerable is not null
            </summary>
            <param name="source"></param>
            <returns></returns>
        </member>
        <member name="M:Swordfish.NET.General.Extensions.ToEngineeringExponent(System.Double)">
            <summary>
            Modified version of http://stackoverflow.com/questions/808104/engineering-notation-in-c
            </summary>
            <param name="value"></param>
            <returns></returns>
        </member>
        <member name="M:Swordfish.NET.General.Extensions.Clamp``1(``0,``0,``0)">
            <summary>
            Returns the specified value campled to be within the min/max specified (inclusive)
            Checks and fixes min/max being the wrong way around.
            </summary>
            <param name="val">The value to be clamped</param>
            <param name="min">Minimum return value</param>
            <param name="max">Maximum return value</param>
            <returns></returns>
        </member>
        <member name="M:Swordfish.NET.General.Extensions.SelectWithPrevious``2(System.Collections.Generic.IEnumerable{``0},System.Func{``0,``0,``1})">
            <summary>
            Jon Skeet http://stackoverflow.com/questions/3683105/calculate-difference-from-previous-item-with-linq/3683217 
            </summary>
            <typeparam name="TSource"></typeparam>
            <typeparam name="TResult"></typeparam>
            <param name="source"></param>
            <param name="projection"></param>
            <returns></returns>
        </member>
        <member name="M:Swordfish.NET.General.Extensions.SelectWithPreviousResult``2(System.Collections.Generic.IEnumerable{``0},System.Func{``0,``1},System.Func{``1,``0,``1})">
            <summary>
            JCS my variant of the above Jon Skeet code
            </summary>
            <typeparam name="TSource"></typeparam>
            <typeparam name="TResult"></typeparam>
            <param name="source"></param>
            <param name="firstItem"></param>
            <param name="projection"></param>
            <returns></returns>
        </member>
        <member name="T:Swordfish.NET.General.FileData">
            <summary>
            Contains information about a file returned by the 
            <see cref="T:Swordfish.NET.General.FastDirectoryEnumerator"/> class.
            </summary>
        </member>
        <member name="F:Swordfish.NET.General.FileData.Attributes">
            <summary>
            Attributes of the file.
            </summary>
        </member>
        <member name="F:Swordfish.NET.General.FileData.CreationTimeUtc">
            <summary>
            File creation time in UTC
            </summary>
        </member>
        <member name="P:Swordfish.NET.General.FileData.LastAccesTime">
            <summary>
            Gets the last access time in local time.
            </summary>
        </member>
        <member name="F:Swordfish.NET.General.FileData.LastAccessTimeUtc">
            <summary>
            File last access time in UTC
            </summary>
        </member>
        <member name="P:Swordfish.NET.General.FileData.LastWriteTime">
            <summary>
            Gets the last access time in local time.
            </summary>
        </member>
        <member name="F:Swordfish.NET.General.FileData.LastWriteTimeUtc">
            <summary>
            File last write time in UTC
            </summary>
        </member>
        <member name="F:Swordfish.NET.General.FileData.Size">
            <summary>
            Size of the file in bytes
            </summary>
        </member>
        <member name="F:Swordfish.NET.General.FileData.Name">
            <summary>
            Name of the file
            </summary>
        </member>
        <member name="F:Swordfish.NET.General.FileData.Path">
            <summary>
            Full path to the file.
            </summary>
        </member>
        <member name="M:Swordfish.NET.General.FileData.ToString">
            <summary>
            Returns a <see cref="T:System.String"/> that represents the current <see cref="T:System.Object"/>.
            </summary>
            <returns>
            A <see cref="T:System.String"/> that represents the current <see cref="T:System.Object"/>.
            </returns>
        </member>
        <member name="M:Swordfish.NET.General.FileData.#ctor(System.String,Swordfish.NET.General.WIN32_FIND_DATA)">
            <summary>
            Initializes a new instance of the <see cref="T:Swordfish.NET.General.FileData"/> class.
            </summary>
            <param name="dir">The directory that the file is stored at</param>
            <param name="findData">WIN32_FIND_DATA structure that this
            object wraps.</param>
        </member>
        <member name="T:Swordfish.NET.General.WIN32_FIND_DATA">
            <summary>
            Contains information about the file that is found 
            by the FindFirstFile or FindNextFile functions.
            </summary>
        </member>
        <member name="M:Swordfish.NET.General.WIN32_FIND_DATA.ToString">
            <summary>
            Returns a <see cref="T:System.String"/> that represents the current <see cref="T:System.Object"/>.
            </summary>
            <returns>
            A <see cref="T:System.String"/> that represents the current <see cref="T:System.Object"/>.
            </returns>
        </member>
        <member name="T:Swordfish.NET.General.FastDirectoryEnumerator">
            <summary>
            A fast enumerator of files in a directory.  Use this if you need to get attributes for 
            all files in a directory.
            </summary>
            <remarks>
            This enumerator is substantially faster than using <see cref="M:System.IO.Directory.GetFiles(System.String)"/>
            and then creating a new FileInfo object for each path.  Use this version when you 
            will need to look at the attibutes of each file returned (for example, you need
            to check each file in a directory to see if it was modified after a specific date).
            </remarks>
        </member>
        <member name="M:Swordfish.NET.General.FastDirectoryEnumerator.EnumerateFiles(System.String)">
            <summary>
            Gets <see cref="T:Swordfish.NET.General.FileData"/> for all the files in a directory.
            </summary>
            <param name="path">The path to search.</param>
            <returns>An object that implements <see cref="T:System.Collections.Generic.IEnumerable`1"/> and 
            allows you to enumerate the files in the given directory.</returns>
            <exception cref="T:System.ArgumentNullException">
            <paramref name="path"/> is a null reference (Nothing in VB)
            </exception>
        </member>
        <member name="M:Swordfish.NET.General.FastDirectoryEnumerator.EnumerateFiles(System.String,System.String)">
            <summary>
            Gets <see cref="T:Swordfish.NET.General.FileData"/> for all the files in a directory that match a 
            specific filter.
            </summary>
            <param name="path">The path to search.</param>
            <param name="searchPattern">The search string to match against files in the path.</param>
            <returns>An object that implements <see cref="T:System.Collections.Generic.IEnumerable`1"/> and 
            allows you to enumerate the files in the given directory.</returns>
            <exception cref="T:System.ArgumentNullException">
            <paramref name="path"/> is a null reference (Nothing in VB)
            </exception>
            <exception cref="T:System.ArgumentNullException">
            <paramref name="filter"/> is a null reference (Nothing in VB)
            </exception>
        </member>
        <member name="M:Swordfish.NET.General.FastDirectoryEnumerator.EnumerateFiles(System.String,System.String,System.IO.SearchOption)">
            <summary>
            Gets <see cref="T:Swordfish.NET.General.FileData"/> for all the files in a directory that 
            match a specific filter, optionally including all sub directories.
            </summary>
            <param name="path">The path to search.</param>
            <param name="searchPattern">The search string to match against files in the path.</param>
            <param name="searchOption">
            One of the SearchOption values that specifies whether the search 
            operation should include all subdirectories or only the current directory.
            </param>
            <returns>An object that implements <see cref="T:System.Collections.Generic.IEnumerable`1"/> and 
            allows you to enumerate the files in the given directory.</returns>
            <exception cref="T:System.ArgumentNullException">
            <paramref name="path"/> is a null reference (Nothing in VB)
            </exception>
            <exception cref="T:System.ArgumentNullException">
            <paramref name="filter"/> is a null reference (Nothing in VB)
            </exception>
            <exception cref="T:System.ArgumentOutOfRangeException">
            <paramref name="searchOption"/> is not one of the valid values of the
            <see cref="T:System.IO.SearchOption"/> enumeration.
            </exception>
        </member>
        <member name="M:Swordfish.NET.General.FastDirectoryEnumerator.GetFiles(System.String,System.String,System.IO.SearchOption)">
            <summary>
            Gets <see cref="T:Swordfish.NET.General.FileData"/> for all the files in a directory that match a 
            specific filter.
            </summary>
            <param name="path">The path to search.</param>
            <param name="searchPattern">The search string to match against files in the path.</param>
            <returns>An object that implements <see cref="T:System.Collections.Generic.IEnumerable`1"/> and 
            allows you to enumerate the files in the given directory.</returns>
            <exception cref="T:System.ArgumentNullException">
            <paramref name="path"/> is a null reference (Nothing in VB)
            </exception>
            <exception cref="T:System.ArgumentNullException">
            <paramref name="filter"/> is a null reference (Nothing in VB)
            </exception>
        </member>
        <member name="T:Swordfish.NET.General.FastDirectoryEnumerator.FileEnumerable">
            <summary>
            Provides the implementation of the 
            <see cref="T:System.Collections.Generic.IEnumerable`1"/> interface
            </summary>
        </member>
        <member name="M:Swordfish.NET.General.FastDirectoryEnumerator.FileEnumerable.#ctor(System.String,System.String,System.IO.SearchOption)">
            <summary>
            Initializes a new instance of the <see cref="T:Swordfish.NET.General.FastDirectoryEnumerator.FileEnumerable"/> class.
            </summary>
            <param name="path">The path to search.</param>
            <param name="filter">The search string to match against files in the path.</param>
            <param name="searchOption">
            One of the SearchOption values that specifies whether the search 
            operation should include all subdirectories or only the current directory.
            </param>
        </member>
        <member name="M:Swordfish.NET.General.FastDirectoryEnumerator.FileEnumerable.GetEnumerator">
            <summary>
            Returns an enumerator that iterates through the collection.
            </summary>
            <returns>
            A <see cref="T:System.Collections.Generic.IEnumerator`1"/> that can 
            be used to iterate through the collection.
            </returns>
        </member>
        <member name="M:Swordfish.NET.General.FastDirectoryEnumerator.FileEnumerable.System#Collections#IEnumerable#GetEnumerator">
            <summary>
            Returns an enumerator that iterates through a collection.
            </summary>
            <returns>
            An <see cref="T:System.Collections.IEnumerator"/> object that can be 
            used to iterate through the collection.
            </returns>
        </member>
        <member name="T:Swordfish.NET.General.FastDirectoryEnumerator.SafeFindHandle">
            <summary>
            Wraps a FindFirstFile handle.
            </summary>
        </member>
        <member name="M:Swordfish.NET.General.FastDirectoryEnumerator.SafeFindHandle.#ctor">
            <summary>
            Initializes a new instance of the <see cref="T:Swordfish.NET.General.FastDirectoryEnumerator.SafeFindHandle"/> class.
            </summary>
        </member>
        <member name="M:Swordfish.NET.General.FastDirectoryEnumerator.SafeFindHandle.ReleaseHandle">
            <summary>
            When overridden in a derived class, executes the code required to free the handle.
            </summary>
            <returns>
            true if the handle is released successfully; otherwise, in the 
            event of a catastrophic failure, false. In this case, it 
            generates a releaseHandleFailed MDA Managed Debugging Assistant.
            </returns>
        </member>
        <member name="T:Swordfish.NET.General.FastDirectoryEnumerator.FileEnumerator">
            <summary>
            Provides the implementation of the 
            <see cref="T:System.Collections.Generic.IEnumerator`1"/> interface
            </summary>
        </member>
        <member name="T:Swordfish.NET.General.FastDirectoryEnumerator.FileEnumerator.SearchContext">
            <summary>
            Hold context information about where we current are in the directory search.
            </summary>
        </member>
        <member name="M:Swordfish.NET.General.FastDirectoryEnumerator.FileEnumerator.#ctor(System.String,System.String,System.IO.SearchOption)">
            <summary>
            Initializes a new instance of the <see cref="T:Swordfish.NET.General.FastDirectoryEnumerator.FileEnumerator"/> class.
            </summary>
            <param name="path">The path to search.</param>
            <param name="filter">The search string to match against files in the path.</param>
            <param name="searchOption">
            One of the SearchOption values that specifies whether the search 
            operation should include all subdirectories or only the current directory.
            </param>
        </member>
        <member name="P:Swordfish.NET.General.FastDirectoryEnumerator.FileEnumerator.Current">
            <summary>
            Gets the element in the collection at the current position of the enumerator.
            </summary>
            <value></value>
            <returns>
            The element in the collection at the current position of the enumerator.
            </returns>
        </member>
        <member name="M:Swordfish.NET.General.FastDirectoryEnumerator.FileEnumerator.Dispose">
            <summary>
            Performs application-defined tasks associated with freeing, releasing, 
            or resetting unmanaged resources.
            </summary>
        </member>
        <member name="P:Swordfish.NET.General.FastDirectoryEnumerator.FileEnumerator.System#Collections#IEnumerator#Current">
            <summary>
            Gets the element in the collection at the current position of the enumerator.
            </summary>
            <value></value>
            <returns>
            The element in the collection at the current position of the enumerator.
            </returns>
        </member>
        <member name="M:Swordfish.NET.General.FastDirectoryEnumerator.FileEnumerator.MoveNext">
            <summary>
            Advances the enumerator to the next element of the collection.
            </summary>
            <returns>
            true if the enumerator was successfully advanced to the next element; 
            false if the enumerator has passed the end of the collection.
            </returns>
            <exception cref="T:System.InvalidOperationException">
            The collection was modified after the enumerator was created.
            </exception>
        </member>
        <member name="M:Swordfish.NET.General.FastDirectoryEnumerator.FileEnumerator.Reset">
            <summary>
            Sets the enumerator to its initial position, which is before the first element in the collection.
            </summary>
            <exception cref="T:System.InvalidOperationException">
            The collection was modified after the enumerator was created.
            </exception>
        </member>
        <member name="T:Swordfish.NET.General.NotifyPropertyChanged">
            <summary>
            Provides a INotifyPropertyChanged implementation that uses a dispatcher.
            </summary>
        </member>
        <member name="M:Swordfish.NET.General.NotifyPropertyChanged.SetValue``1(``0@,``0,System.String)">
            <summary>
            Checks if the value has changed and uses the call stack to determine
            which property this was called from, then calls OnPropertyChanged
            with the property name.
            </summary>
            <typeparam name="T"></typeparam>
            <param name="current"></param>
            <param name="newValue"></param>
        </member>
        <member name="M:Swordfish.NET.General.NotifyPropertyChanged.OnPropertyChanged(System.String[])">
            <summary>
            Triggers PropertyChanged event in a way that it can be handled
            by controls on a different thread.
            </summary>
            <param name="propertyName"></param>
        </member>
        <member name="T:Swordfish.NET.General.PeHeaderReader">
            <summary>
            Reads in the header information of the Portable Executable format.
            Provides information such as the date the assembly was compiled.
            </summary>
        </member>
        <member name="F:Swordfish.NET.General.PeHeaderReader.DataSectionFlags.TypeReg">
            <summary>
            Reserved for future use.
            </summary>
        </member>
        <member name="F:Swordfish.NET.General.PeHeaderReader.DataSectionFlags.TypeDsect">
            <summary>
            Reserved for future use.
            </summary>
        </member>
        <member name="F:Swordfish.NET.General.PeHeaderReader.DataSectionFlags.TypeNoLoad">
            <summary>
            Reserved for future use.
            </summary>
        </member>
        <member name="F:Swordfish.NET.General.PeHeaderReader.DataSectionFlags.TypeGroup">
            <summary>
            Reserved for future use.
            </summary>
        </member>
        <member name="F:Swordfish.NET.General.PeHeaderReader.DataSectionFlags.TypeNoPadded">
            <summary>
            The section should not be padded to the next boundary. This flag is obsolete and is replaced by IMAGE_SCN_ALIGN_1BYTES. This is valid only for object files.
            </summary>
        </member>
        <member name="F:Swordfish.NET.General.PeHeaderReader.DataSectionFlags.TypeCopy">
            <summary>
            Reserved for future use.
            </summary>
        </member>
        <member name="F:Swordfish.NET.General.PeHeaderReader.DataSectionFlags.ContentCode">
            <summary>
            The section contains executable code.
            </summary>
        </member>
        <member name="F:Swordfish.NET.General.PeHeaderReader.DataSectionFlags.ContentInitializedData">
            <summary>
            The section contains initialized data.
            </summary>
        </member>
        <member name="F:Swordfish.NET.General.PeHeaderReader.DataSectionFlags.ContentUninitializedData">
            <summary>
            The section contains uninitialized data.
            </summary>
        </member>
        <member name="F:Swordfish.NET.General.PeHeaderReader.DataSectionFlags.LinkOther">
            <summary>
            Reserved for future use.
            </summary>
        </member>
        <member name="F:Swordfish.NET.General.PeHeaderReader.DataSectionFlags.LinkInfo">
            <summary>
            The section contains comments or other information. The .drectve section has this type. This is valid for object files only.
            </summary>
        </member>
        <member name="F:Swordfish.NET.General.PeHeaderReader.DataSectionFlags.TypeOver">
            <summary>
            Reserved for future use.
            </summary>
        </member>
        <member name="F:Swordfish.NET.General.PeHeaderReader.DataSectionFlags.LinkRemove">
            <summary>
            The section will not become part of the image. This is valid only for object files.
            </summary>
        </member>
        <member name="F:Swordfish.NET.General.PeHeaderReader.DataSectionFlags.LinkComDat">
            <summary>
            The section contains COMDAT data. For more information, see section 5.5.6, COMDAT Sections (Object Only). This is valid only for object files.
            </summary>
        </member>
        <member name="F:Swordfish.NET.General.PeHeaderReader.DataSectionFlags.NoDeferSpecExceptions">
            <summary>
            Reset speculative exceptions handling bits in the TLB entries for this section.
            </summary>
        </member>
        <member name="F:Swordfish.NET.General.PeHeaderReader.DataSectionFlags.RelativeGP">
            <summary>
            The section contains data referenced through the global pointer (GP).
            </summary>
        </member>
        <member name="F:Swordfish.NET.General.PeHeaderReader.DataSectionFlags.MemPurgeable">
            <summary>
            Reserved for future use.
            </summary>
        </member>
        <member name="F:Swordfish.NET.General.PeHeaderReader.DataSectionFlags.Memory16Bit">
            <summary>
            Reserved for future use.
            </summary>
        </member>
        <member name="F:Swordfish.NET.General.PeHeaderReader.DataSectionFlags.MemoryLocked">
            <summary>
            Reserved for future use.
            </summary>
        </member>
        <member name="F:Swordfish.NET.General.PeHeaderReader.DataSectionFlags.MemoryPreload">
            <summary>
            Reserved for future use.
            </summary>
        </member>
        <member name="F:Swordfish.NET.General.PeHeaderReader.DataSectionFlags.Align1Bytes">
            <summary>
            Align data on a 1-byte boundary. Valid only for object files.
            </summary>
        </member>
        <member name="F:Swordfish.NET.General.PeHeaderReader.DataSectionFlags.Align2Bytes">
            <summary>
            Align data on a 2-byte boundary. Valid only for object files.
            </summary>
        </member>
        <member name="F:Swordfish.NET.General.PeHeaderReader.DataSectionFlags.Align4Bytes">
            <summary>
            Align data on a 4-byte boundary. Valid only for object files.
            </summary>
        </member>
        <member name="F:Swordfish.NET.General.PeHeaderReader.DataSectionFlags.Align8Bytes">
            <summary>
            Align data on an 8-byte boundary. Valid only for object files.
            </summary>
        </member>
        <member name="F:Swordfish.NET.General.PeHeaderReader.DataSectionFlags.Align16Bytes">
            <summary>
            Align data on a 16-byte boundary. Valid only for object files.
            </summary>
        </member>
        <member name="F:Swordfish.NET.General.PeHeaderReader.DataSectionFlags.Align32Bytes">
            <summary>
            Align data on a 32-byte boundary. Valid only for object files.
            </summary>
        </member>
        <member name="F:Swordfish.NET.General.PeHeaderReader.DataSectionFlags.Align64Bytes">
            <summary>
            Align data on a 64-byte boundary. Valid only for object files.
            </summary>
        </member>
        <member name="F:Swordfish.NET.General.PeHeaderReader.DataSectionFlags.Align128Bytes">
            <summary>
            Align data on a 128-byte boundary. Valid only for object files.
            </summary>
        </member>
        <member name="F:Swordfish.NET.General.PeHeaderReader.DataSectionFlags.Align256Bytes">
            <summary>
            Align data on a 256-byte boundary. Valid only for object files.
            </summary>
        </member>
        <member name="F:Swordfish.NET.General.PeHeaderReader.DataSectionFlags.Align512Bytes">
            <summary>
            Align data on a 512-byte boundary. Valid only for object files.
            </summary>
        </member>
        <member name="F:Swordfish.NET.General.PeHeaderReader.DataSectionFlags.Align1024Bytes">
            <summary>
            Align data on a 1024-byte boundary. Valid only for object files.
            </summary>
        </member>
        <member name="F:Swordfish.NET.General.PeHeaderReader.DataSectionFlags.Align2048Bytes">
            <summary>
            Align data on a 2048-byte boundary. Valid only for object files.
            </summary>
        </member>
        <member name="F:Swordfish.NET.General.PeHeaderReader.DataSectionFlags.Align4096Bytes">
            <summary>
            Align data on a 4096-byte boundary. Valid only for object files.
            </summary>
        </member>
        <member name="F:Swordfish.NET.General.PeHeaderReader.DataSectionFlags.Align8192Bytes">
            <summary>
            Align data on an 8192-byte boundary. Valid only for object files.
            </summary>
        </member>
        <member name="F:Swordfish.NET.General.PeHeaderReader.DataSectionFlags.LinkExtendedRelocationOverflow">
            <summary>
            The section contains extended relocations.
            </summary>
        </member>
        <member name="F:Swordfish.NET.General.PeHeaderReader.DataSectionFlags.MemoryDiscardable">
            <summary>
            The section can be discarded as needed.
            </summary>
        </member>
        <member name="F:Swordfish.NET.General.PeHeaderReader.DataSectionFlags.MemoryNotCached">
            <summary>
            The section cannot be cached.
            </summary>
        </member>
        <member name="F:Swordfish.NET.General.PeHeaderReader.DataSectionFlags.MemoryNotPaged">
            <summary>
            The section is not pageable.
            </summary>
        </member>
        <member name="F:Swordfish.NET.General.PeHeaderReader.DataSectionFlags.MemoryShared">
            <summary>
            The section can be shared in memory.
            </summary>
        </member>
        <member name="F:Swordfish.NET.General.PeHeaderReader.DataSectionFlags.MemoryExecute">
            <summary>
            The section can be executed as code.
            </summary>
        </member>
        <member name="F:Swordfish.NET.General.PeHeaderReader.DataSectionFlags.MemoryRead">
            <summary>
            The section can be read.
            </summary>
        </member>
        <member name="F:Swordfish.NET.General.PeHeaderReader.DataSectionFlags.MemoryWrite">
            <summary>
            The section can be written to.
            </summary>
        </member>
        <member name="F:Swordfish.NET.General.PeHeaderReader.dosHeader">
            <summary>
            The DOS header
            </summary>
        </member>
        <member name="F:Swordfish.NET.General.PeHeaderReader.fileHeader">
            <summary>
            The file header
            </summary>
        </member>
        <member name="F:Swordfish.NET.General.PeHeaderReader.optionalHeader32">
            <summary>
            Optional 32 bit file header 
            </summary>
        </member>
        <member name="F:Swordfish.NET.General.PeHeaderReader.optionalHeader64">
            <summary>
            Optional 64 bit file header 
            </summary>
        </member>
        <member name="F:Swordfish.NET.General.PeHeaderReader.imageSectionHeaders">
            <summary>
            Image Section headers. Number of sections is in the file header.
            </summary>
        </member>
        <member name="M:Swordfish.NET.General.PeHeaderReader.GetCallingAssemblyHeader">
            <summary>
            Gets the header of the .NET assembly that called this function
            </summary>
            <returns></returns>
        </member>
        <member name="M:Swordfish.NET.General.PeHeaderReader.GetAssemblyHeader">
            <summary>
            Gets the header of the .NET assembly that holds PeHeaderReader
            </summary>
            <returns></returns>
        </member>
        <member name="M:Swordfish.NET.General.PeHeaderReader.GetAssemblyHeader(System.Type)">
            <summary>
            Gets the header of the .NET assembly that called this function
            </summary>
            <returns></returns>
        </member>
        <member name="M:Swordfish.NET.General.PeHeaderReader.FromBinaryReader``1(System.IO.BinaryReader)">
            <summary>
            Reads in a block from a file and converts it to the struct
            type specified by the template parameter
            </summary>
            <typeparam name="T"></typeparam>
            <param name="reader"></param>
            <returns></returns>
        </member>
        <member name="P:Swordfish.NET.General.PeHeaderReader.Is32BitHeader">
            <summary>
            Gets if the file header is 32 bit or not
            </summary>
        </member>
        <member name="P:Swordfish.NET.General.PeHeaderReader.FileHeader">
            <summary>
            Gets the file header
            </summary>
        </member>
        <member name="P:Swordfish.NET.General.PeHeaderReader.OptionalHeader32">
            <summary>
            Gets the optional header
            </summary>
        </member>
        <member name="P:Swordfish.NET.General.PeHeaderReader.OptionalHeader64">
            <summary>
            Gets the optional header
            </summary>
        </member>
        <member name="P:Swordfish.NET.General.PeHeaderReader.ImageSectionHeaders">
            <summary>
            Gets an array of image section headers
            </summary>
        </member>
        <member name="P:Swordfish.NET.General.PeHeaderReader.TimeStamp">
            <summary>
            Gets the timestamp from the file header
            </summary>
        </member>
        <member name="M:Swordfish.NET.General.Utils.RequireNotNullOrEmpty(System.String,System.String)">
            <summary>
                Throws an <see cref="T:System.ArgumentNullException"/> if the
                provided string is null.
                Throws an <see cref="T:System.ArgumentOutOfRangeException"/> if the
                provided string is empty.
            </summary>
            <param name="stringParameter">The object to test for null and empty.</param>
            <param name="parameterName">The string for the ArgumentException parameter, if thrown.</param>
        </member>
        <member name="M:Swordfish.NET.General.Utils.RequireNotNull(System.Object,System.String)">
            <summary>
                Throws an <see cref="T:System.ArgumentNullException"/> if the
                provided object is null.
            </summary>
            <param name="obj">The object to test for null.</param>
            <param name="parameterName">The string for the ArgumentNullException parameter, if thrown.</param>
        </member>
        <member name="M:Swordfish.NET.General.Utils.RequireArgument(System.Boolean,System.String)">
            <summary>
                Throws an <see cref="T:System.ArgumentException"/> if the provided truth is false.
            </summary>
            <param name="truth">The value assumed to be true.</param>
            <param name="parameterName">The string for <see cref="T:System.ArgumentException"/>, if thrown.</param>
        </member>
        <member name="M:Swordfish.NET.General.Utils.RequireArgument(System.Boolean,System.String,System.String)">
            <summary>
                Throws an <see cref="T:System.ArgumentException"/> if the provided truth is false.
            </summary>
            <param name="truth">The value assumed to be true.</param>
            <param name="paramName">The paramName for the <see cref="T:System.ArgumentException"/>, if thrown.</param>
            <param name="message">The message for <see cref="T:System.ArgumentException"/>, if thrown.</param>
        </member>
        <member name="M:Swordfish.NET.General.Utils.RequireArgumentRange(System.Boolean,System.String)">
            <summary>
                Throws an <see cref="T:System.ArgumentOutOfRangeException"/> if the provided truth is false.
            </summary>
            <param name="truth">The value assumed to be true.</param>
            <param name="parameterName">The string for <see cref="T:System.ArgumentOutOfRangeException"/>, if thrown.</param>
        </member>
        <member name="M:Swordfish.NET.General.Utils.RequireArgumentRange(System.Boolean,System.String,System.String)">
            <summary>
                Throws an <see cref="T:System.ArgumentOutOfRangeException"/> if the provided truth is false.
            </summary>
            <param name="truth">The value assumed to be true.</param>
            <param name="paramName">The paramName for the <see cref="T:System.ArgumentOutOfRangeException"/>, if thrown.</param>
            <param name="message">The message for <see cref="T:System.ArgumentOutOfRangeException"/>, if thrown.</param>
        </member>
    </members>
</doc>
