<?xml version="1.0"?>
<doc>
    <assembly>
        <name>Swordfish.NET.CollectionsV3</name>
    </assembly>
    <members>
        <!-- Badly formed XML comment ignored for member "T:Swordfish.NET.Collections.BaseDictionary`2" -->
        <member name="T:Swordfish.NET.Collections.BinarySorter`1">
            <summary>
            This class is a helper for creating binary sorted lists
            </summary>
        </member>
        <member name="F:Swordfish.NET.Collections.BinarySorter`1._comparer">
            <summary>
            Optional comparer used for sorting keys
            </summary>
        </member>
        <member name="M:Swordfish.NET.Collections.BinarySorter`1.#ctor(System.Collections.Generic.IComparer{`0})">
            <summary>
            Constructor that takes a comparer
            </summary>
            <param name="comparer"></param>
        </member>
        <member name="M:Swordfish.NET.Collections.BinarySorter`1.GetInsertIndex(System.Int32,`0,System.Func{System.Int32,`0})">
            <summary>
            Gets the position for a key to be inserted such that the sort order is maintained.
            </summary>
            <param name="key"></param>
            <returns></returns>
        </member>
        <member name="M:Swordfish.NET.Collections.BinarySorter`1.Compare(`0,`0)">
            <summary>
            Compares two objects and returns a value indicating whether one is less than, equal to, or greater than the other.
            </summary>
            <param name="key1"></param>
            <param name="key2"></param>
            <returns></returns>
        </member>
        <member name="M:Swordfish.NET.Collections.BinarySorter`1.BinarySearchForIndex(System.Int32,System.Int32,`0,System.Func{System.Int32,`0})">
            <summary>
            Searches for the index of the insertion point for the key passed in such that
            the sort order is maintained. Implemented as a non-recursive method.
            </summary>
            <param name="low"></param>
            <param name="high"></param>
            <param name="key"></param>
            <returns></returns>
        </member>
        <member name="M:Swordfish.NET.Collections.BinarySorter`1.BinarySearchForMatch(System.Int32,System.Int32,`0,System.Func{System.Int32,`0})">
            <summary>
            Searches for the index of the insertion point for the key passed in such that
            the sort order is maintained. Implemented as a non-recursive method.
            </summary>
            <param name="low"></param>
            <param name="high"></param>
            <param name="key"></param>
            <returns></returns>
        </member>
        <member name="M:Swordfish.NET.Collections.CircularBuffer`1.Put">
            <summary>
            Special variant of put which moves the tail along and returns what was in the tail.
            Used for when the circular buffer something like a collection of lists and where you
            just clear the list and add to it as you use it.
            </summary>
            <returns></returns>
        </member>
        <member name="F:Swordfish.NET.Collections.ConcurrentObservableBase`2._lock">
            <summary>
            The lock that controls read/write access to the base collection when it's been initialized as thread safe.
            Allows updating the collection from multiple threads.
            </summary>
        </member>
        <member name="F:Swordfish.NET.Collections.ConcurrentObservableBase`2._internalCollection">
            <summary>
            The internal collection that holds all the keys, but the keys then point to linklist node which holds the values.
            </summary>
        </member>
        <member name="F:Swordfish.NET.Collections.ConcurrentObservableBase`2._viewChanged">
            <summary>
            A throttle for the "CollectionView" PropertyChanged event. Experimented with using throttling / not using throttling, and
            found there was a 25% performance gain from using throttling.
            </summary>
        </member>
        <member name="M:Swordfish.NET.Collections.ConcurrentObservableBase`2.FreezeUpdates">
            <summary>
            Freezes updates if the collection was created as multithreaded. To resume updates dispose of the returned IDisposable.
            </summary>
            <returns></returns>
        </member>
        <member name="P:Swordfish.NET.Collections.ConcurrentObservableBase`2.CollectionView">
            <summary>
            This is the view of the colleciton that you should be binding to with your ListView/GridView control.
            </summary>
        </member>
        <member name="T:Swordfish.NET.Collections.ConcurrentObservableCollection`1">
            <summary>
            A collection that can be updated from multiple threads, and can be bound to an items control in the user interface.
            Has the advantage over ObservableCollection in that it doesn't have to be updated from the Dispatcher thread.
            When using this in your view model you should bind to the CollectionView property in your view model. If you
            bind directly this this class it will throw an exception.
            </summary>
            <typeparam name="T"></typeparam>
        </member>
        <member name="M:Swordfish.NET.Collections.ConcurrentObservableCollection`1.#ctor(System.Boolean)">
            <summary>
            Constructructor. Takes an optional isMultithreaded argument where when true allows you to update the collection
            from multiple threads. In testing there didn't seem to be any performance hit from turning this on, so I made
            it the default.
            </summary>
            <param name="isThreadSafe"></param>
        </member>
        <member name="M:Swordfish.NET.Collections.ConcurrentObservableCollection`1.AddRange(System.Collections.Generic.IList{`0})">
            <summary>
            Adds a range of items to the end of the collection. Quicker than adding them individually,
            but the view doesn't update until the last item has been added.
            </summary>
        </member>
        <member name="M:Swordfish.NET.Collections.ConcurrentObservableCollection`1.InsertRange(System.Int32,System.Collections.Generic.IList{`0})">
            <summary>
            Inserts a range of items at the position specified. *Much quicker* than adding them
            individually, but the view doesn't update until the last item has been inserted.
            </summary>
        </member>
        <member name="M:Swordfish.NET.Collections.ConcurrentObservableCollection`1.RemoveRange(System.Int32,System.Int32)">
            <summary>
            Rmoves a range of items by index and count
            </summary>
        </member>
        <member name="T:Swordfish.NET.Collections.ConcurrentObservableDictionary`2">
            <summary>
            A collection that can be updated from multiple threads, and can be bound to an items control in the user interface.
            Has the advantage over ObservableCollection in that it doesn't have to be updated from the Dispatcher thread.
            When using this in your view model you should bind to the CollectionView property in your view model. If you
            bind directly this this class it will throw an exception.
            </summary>
            <typeparam name="T"></typeparam>
        </member>
        <member name="M:Swordfish.NET.Collections.ConcurrentObservableDictionary`2.#ctor(System.Boolean)">
            <summary>
            Constructructor. Takes an optional isMultithreaded argument where when true allows you to update the collection
            from multiple threads. In testing there didn't seem to be any performance hit from turning this on, so I made
            it the default.
            </summary>
            <param name="isThreadSafe"></param>
        </member>
        <member name="M:Swordfish.NET.Collections.ConcurrentObservableDictionary`2.AddRange(System.Collections.Generic.IEnumerable{System.Collections.Generic.KeyValuePair{`0,`1}})">
            <summary>
            Adds a range of items to the end of the collection. Quicker than adding them individually,
            but the view doesn't update until the last item has been added.
            </summary>
        </member>
        <member name="M:Swordfish.NET.Collections.ConcurrentObservableDictionary`2.RetrieveOrAdd(`0,System.Func{`0,`1})">
            <summary>
            Retrives a value for the key passed in if it exists, else
            adds the new value passed in.
            </summary>
            <param name="key">
            The object to use as the key of the element to retrieve or add.
            </param>
            <param name="getValue">
            The object factory to use if key doesn't already exist
            </param>
            <returns></returns>
        </member>
        <member name="M:Swordfish.NET.Collections.ConcurrentObservableDictionary`2.RemoveRange(System.Int32,System.Int32)">
            <summary>
            Rmoves a range of items by index and count
            </summary>
        </member>
        <member name="P:Swordfish.NET.Collections.ConcurrentObservableDictionary`2.CollectionView">
            <summary>
            This is the view of the colleciton that you should be binding to with your ListView/GridView control.
            </summary>
        </member>
        <member name="T:Swordfish.NET.Collections.ImmutableDictionaryListPair`2.ItemAndIndex">
            <summary>
            Class holds the item and the index of the item. Used as an intermediate when performing ops on the collections.
            </summary>
        </member>
        <member name="M:Swordfish.NET.Collections.ImmutableDictionaryListPair`2.#ctor(System.Collections.Immutable.ImmutableDictionary{`0,Swordfish.NET.Collections.ObservableDictionaryNode{`0,`1}},System.Collections.Immutable.ImmutableList{Swordfish.NET.Collections.ObservableDictionaryNode{`0,`1}})">
            <summary>
            Note using a class to wrap KeyValuePair (which is a value type), so the exact object can correctly be removed by key in the instance that two or more values are the same
            </summary>
            <param name="dictionary"></param>
            <param name="list"></param>
        </member>
        <member name="M:Swordfish.NET.Collections.ImmutableDictionaryListPair`2.GetRange(System.Collections.Generic.IList{`0})">
            <summary>
            Gets the range of key value pairs for the keys that are in both the dictionary and the list passed in
            </summary>
            <param name="keys"></param>
            <returns></returns>
        </member>
        <member name="M:Swordfish.NET.Collections.ImmutableDictionaryListPair`2.Remove(`0)">
            <summary>
            Removes the dictionary if the key passed in is contained therein
            </summary>
            <param name="key"></param>
            <returns></returns>
        </member>
        <member name="M:Swordfish.NET.Collections.ImmutableDictionaryListPair`2.GetIndex(Swordfish.NET.Collections.ObservableDictionaryNode{`0,`1})">
            <summary>
            Gets the index of the key passed in. If the index can't be determined then -1 is returned.
            </summary>
            <param name="key"></param>
            <returns></returns>
        </member>
        <!-- Badly formed XML comment ignored for member "T:Swordfish.NET.Collections.KeyValuePair" -->
        <!-- Badly formed XML comment ignored for member "T:Swordfish.NET.Collections.ListSelect" -->
        <member name="T:Swordfish.NET.Collections.ListSelect`2">
            <summary>
            Provides an IList interface that lets you use a list with a select to type convert a list as its being accessed
            </summary>
        </member>
        <member name="F:Swordfish.NET.Collections.MostRecentlyUsedDictionary`2._keyToIndex">
            <summary>
            A dictionary of link list nodes to work out for the key the corresponding
            index for the master list, key list, and value list.
            </summary>
        </member>
        <member name="F:Swordfish.NET.Collections.MostRecentlyUsedDictionary`2._lastNode">
            <summary>
            The last node of the link list, used for removing old nodes from the end
            </summary>
        </member>
        <member name="F:Swordfish.NET.Collections.MostRecentlyUsedDictionary`2._firstNode">
            <summary>
            The first node, for adding new nodes to the beginning
            </summary>
        </member>
        <member name="M:Swordfish.NET.Collections.MostRecentlyUsedDictionary`2.#ctor">
            <summary>
            Initializes a new instance of this class that is empty, has the default
            initial capacity, and uses the default equality comparer for the key
            type.
            </summary>
        </member>
        <!-- Badly formed XML comment ignored for member "M:Swordfish.NET.Collections.MostRecentlyUsedDictionary`2.#ctor(System.Collections.Generic.IDictionary{`0,`1})" -->
        <!-- Badly formed XML comment ignored for member "M:Swordfish.NET.Collections.MostRecentlyUsedDictionary`2.#ctor(System.Collections.Generic.IEqualityComparer{`0})" -->
        <member name="M:Swordfish.NET.Collections.MostRecentlyUsedDictionary`2.#ctor(System.Int32)">
            <summary>
            Initializes a new instance of this class that is empty, has the
            specified initial capacity, and uses the default equality comparer for
            the key type.
            </summary>
            <param name="capactity"></param>
        </member>
        <!-- Badly formed XML comment ignored for member "M:Swordfish.NET.Collections.MostRecentlyUsedDictionary`2.#ctor(System.Collections.Generic.IDictionary{`0,`1},System.Collections.Generic.IEqualityComparer{`0})" -->
        <!-- Badly formed XML comment ignored for member "M:Swordfish.NET.Collections.MostRecentlyUsedDictionary`2.#ctor(System.Int32,System.Collections.Generic.IEqualityComparer{`0})" -->
        <!-- Badly formed XML comment ignored for member "M:Swordfish.NET.Collections.MostRecentlyUsedDictionary`2.Add(`0,`1)" -->
        <!-- Badly formed XML comment ignored for member "M:Swordfish.NET.Collections.MostRecentlyUsedDictionary`2.ContainsKey(`0)" -->
        <!-- Badly formed XML comment ignored for member "M:Swordfish.NET.Collections.MostRecentlyUsedDictionary`2.Remove(`0)" -->
        <!-- Badly formed XML comment ignored for member "M:Swordfish.NET.Collections.MostRecentlyUsedDictionary`2.TryGetValue(`0,`1@)" -->
        <member name="P:Swordfish.NET.Collections.MostRecentlyUsedDictionary`2.Item(`0)">
            <summary>
            Gets or sets the element with the specified key.
            </summary>
            <param name="key">
            The key of the element to get or set.
            </param>
            <returns>
            The element with the specified key.
            </returns>
        </member>
        <member name="M:Swordfish.NET.Collections.MostRecentlyUsedDictionary`2.RemoveNode(Swordfish.NET.Collections.DoubleLinkListDictionaryNode{`0,`1})">
            <summary>
            Removes a double link list node and links up the nodes either side of it
            </summary>
            <param name="node"></param>
        </member>
        <!-- Badly formed XML comment ignored for member "M:Swordfish.NET.Collections.MostRecentlyUsedDictionary`2.Clear" -->
        <!-- Badly formed XML comment ignored for member "P:Swordfish.NET.Collections.MostRecentlyUsedDictionary`2.Count" -->
        <member name="T:Swordfish.NET.Collections.MostRecentlyUsedDictionaryGuarded`2">
            <summary>
            A variant on MostRecentlyUsedDictionaryGuarded that uses a lock to limit access to 1 thread at a time
            </summary>
        </member>
        <member name="T:Swordfish.NET.Collections.ObservableCollectionAggregator`1">
            <summary>
            Aggregates multiple observable collections into 1.
            Not multithreadable, can only listen to updates on 1 thread.
            Can use with multiple ObservableCollectionView models as the source collection
            where the ObservableCollectionView is part of a ConcurrentObservableCollection
            </summary>
            <typeparam name="T"></typeparam>
        </member>
        <member name="T:Swordfish.NET.Collections.ObservableCollectionBridger">
            <summary>
            This class allows reflecting changes between 2 ObservableCollection objects, with an
            optional type conversion stage.
            </summary>
            <typeparam name="T1"></typeparam>
            <typeparam name="T2"></typeparam>
        </member>
        <member name="T:Swordfish.NET.Collections.ObservableCollectionDeduplicator`2">
            <summary>
            This class has 2 ObservableCollection objects. One (source) holds arbitrary objects, the second holds
            a copy of the first but where duplicates have been removed. This class also converts the source class to
            another type (e.g. string), and deduplicates on the resultant object.
            
            The collections are bidrectional, so removing from one or adding to one updates the other, however a map is
            required to map the objects between each other. So when I add 1 object to the deduplicated class, it looks up
            in the map for a list of objects to add to the source class. This mapping is handled by a factory that
            generated this object - ObservableCollectionDeduplicatorFactory
            </summary>
            <typeparam name="K"></typeparam>
            <typeparam name="T"></typeparam>
        </member>
        <member name="T:Swordfish.NET.Collections.ObservableCollectionDeduplicatorFactory`2">
            <summary>
            Generates ObservableCollectionDeduplicator objects. Takes a base-source collection and a
            converter function to build up a map to convert back and forth between another source
            collection and a deduplicated version of it.
            </summary>
            <typeparam name="T"></typeparam>
        </member>
        <member name="F:Swordfish.NET.Collections.ObservableCollectionDeduplicatorFactory`2._source">
            <summary>
            The source collection to be aggregated (optionally by string)
            </summary>
        </member>
        <member name="F:Swordfish.NET.Collections.ObservableCollectionDeduplicatorFactory`2._aggregated">
            <summary>
            The aggregated collection
            </summary>
        </member>
        <member name="F:Swordfish.NET.Collections.ObservableCollectionDeduplicatorFactory`2._bridge">
            <summary>
            The bridge that maps string to items in the source collection
            </summary>
        </member>
        <member name="F:Swordfish.NET.Collections.ObservableCollectionDeduplicatorFactory`2._convert">
            <summary>
            Converts from the source collection type to the output collection type
            </summary>
        </member>
        <member name="P:Swordfish.NET.Collections.ObservableCollectionDeduplicatorFactory`2.AggregatedSource">
            <summary>
            Returns an aggregated collection that shouldn't be modified externally as this is the master aggregated source.
            </summary>
        </member>
        <member name="P:Swordfish.NET.Collections.ObservableDictionaryNode`2.SortKey">
            <summary>
            Position is a BigRational that can be used to do a binary search for a node
            </summary>
        </member>
        <member name="F:Swordfish.NET.Collections.ObservableSortedCollection`1._sorter">
            <summary>
            Utitlity object that is used for sorting the list
            </summary>
        </member>
        <!-- Badly formed XML comment ignored for member "M:Swordfish.NET.Collections.ObservableSortedCollection`1.#ctor(System.Collections.Generic.IComparer{`0})" -->
        <member name="M:Swordfish.NET.Collections.SortedListWithDuplicates`1.#ctor(System.Collections.Generic.IComparer{`0},System.Collections.Generic.IList{`0})">
            <summary>
            Constructor. Lets you pass in the underlying list...which needs to be used with care
            </summary>
            <param name="comparer"></param>
            <param name="baseList"></param>
        </member>
        <member name="T:Swordfish.NET.Collections.VirtualizingCollection`1">
            <summary>
            Specialized list implementation that provides data virtualization. The collection is divided up into pages,
            and pages are dynamically fetched from the IItemsProvider when required. Stale pages are removed after a
            configurable period of time.
            Intended for use with large collections on a network or disk resource that cannot be instantiated locally
            due to memory consumption or fetch latency.
            </summary>
            <remarks>
            The IList implmentation is not fully complete, but should be sufficient for use as read only collection 
            data bound to a suitable ItemsControl.
            </remarks>
            <typeparam name="T"></typeparam>
        </member>
        <member name="M:Swordfish.NET.Collections.VirtualizingCollection`1.#ctor(Swordfish.NET.Collections.IVirtualizingCollectionItemsProvider{`0},System.Int32,System.Int32)">
            <summary>
            Initializes a new instance of the <see cref="T:Swordfish.NET.Collections.VirtualizingCollection`1"/> class.
            </summary>
            <param name="itemsProvider">The items provider.</param>
            <param name="pageSize">Size of the page.</param>
            <param name="pageTimeout">The page timeout.</param>
        </member>
        <member name="M:Swordfish.NET.Collections.VirtualizingCollection`1.#ctor(Swordfish.NET.Collections.IVirtualizingCollectionItemsProvider{`0},System.Int32)">
            <summary>
            Initializes a new instance of the <see cref="T:Swordfish.NET.Collections.VirtualizingCollection`1"/> class.
            </summary>
            <param name="itemsProvider">The items provider.</param>
            <param name="pageSize">Size of the page.</param>
        </member>
        <member name="M:Swordfish.NET.Collections.VirtualizingCollection`1.#ctor(Swordfish.NET.Collections.IVirtualizingCollectionItemsProvider{`0})">
            <summary>
            Initializes a new instance of the <see cref="T:Swordfish.NET.Collections.VirtualizingCollection`1"/> class.
            </summary>
            <param name="itemsProvider">The items provider.</param>
        </member>
        <member name="P:Swordfish.NET.Collections.VirtualizingCollection`1.ItemsProvider">
            <summary>
            Gets the items provider.
            </summary>
            <value>The items provider.</value>
        </member>
        <member name="P:Swordfish.NET.Collections.VirtualizingCollection`1.PageSize">
            <summary>
            Gets the size of the page.
            </summary>
            <value>The size of the page.</value>
        </member>
        <member name="P:Swordfish.NET.Collections.VirtualizingCollection`1.PageTimeout">
            <summary>
            Gets the page timeout.
            </summary>
            <value>The page timeout.</value>
        </member>
        <member name="P:Swordfish.NET.Collections.VirtualizingCollection`1.Count">
            <summary>
            Gets the number of elements contained in the <see cref="T:System.Collections.Generic.ICollection`1"/>.
            The first time this property is accessed, it will fetch the count from the IItemsProvider.
            </summary>
            <value></value>
            <returns>
            The number of elements contained in the <see cref="T:System.Collections.Generic.ICollection`1"/>.
            </returns>
        </member>
        <member name="P:Swordfish.NET.Collections.VirtualizingCollection`1.Item(System.Int32)">
            <summary>
            Gets the item at the specified index. This property will fetch
            the corresponding page from the IItemsProvider if required.
            </summary>
            <value></value>
        </member>
        <member name="M:Swordfish.NET.Collections.VirtualizingCollection`1.GetEnumerator">
            <summary>
            Returns an enumerator that iterates through the collection.
            </summary>
            <remarks>
            This method should be avoided on large collections due to poor performance.
            </remarks>
            <returns>
            A <see cref="T:System.Collections.Generic.IEnumerator`1"/> that can be used to iterate through the collection.
            </returns>
        </member>
        <member name="M:Swordfish.NET.Collections.VirtualizingCollection`1.System#Collections#IEnumerable#GetEnumerator">
            <summary>
            Returns an enumerator that iterates through a collection.
            </summary>
            <returns>
            An <see cref="T:System.Collections.IEnumerator"/> object that can be used to iterate through the collection.
            </returns>
        </member>
        <member name="M:Swordfish.NET.Collections.VirtualizingCollection`1.Add(Swordfish.NET.Collections.VirtualizingCollectionDataWrapper{`0})">
            <summary>
            Not supported.
            </summary>
            <param name="item">The object to add to the <see cref="T:System.Collections.Generic.ICollection`1"/>.</param>
            <exception cref="T:System.NotSupportedException">
            The <see cref="T:System.Collections.Generic.ICollection`1"/> is read-only.
            </exception>
        </member>
        <member name="M:Swordfish.NET.Collections.VirtualizingCollection`1.Contains(Swordfish.NET.Collections.VirtualizingCollectionDataWrapper{`0})">
            <summary>
            Not supported.
            </summary>
            <param name="item">The object to locate in the <see cref="T:System.Collections.Generic.ICollection`1"/>.</param>
            <returns>
            Always false.
            </returns>
        </member>
        <member name="M:Swordfish.NET.Collections.VirtualizingCollection`1.Clear">
            <summary>
            TODO
            </summary>
        </member>
        <member name="M:Swordfish.NET.Collections.VirtualizingCollection`1.IndexOf(Swordfish.NET.Collections.VirtualizingCollectionDataWrapper{`0})">
            <summary>
            TODO
            </summary>
            <param name="item">The object to locate in the <see cref="T:System.Collections.Generic.IList`1"/>.</param>
            <returns>
            TODO
            </returns>
        </member>
        <member name="M:Swordfish.NET.Collections.VirtualizingCollection`1.Insert(System.Int32,Swordfish.NET.Collections.VirtualizingCollectionDataWrapper{`0})">
            <summary>
            Not supported.
            </summary>
            <param name="index">The zero-based index at which <paramref name="item"/> should be inserted.</param>
            <param name="item">The object to insert into the <see cref="T:System.Collections.Generic.IList`1"/>.</param>
            <exception cref="T:System.ArgumentOutOfRangeException">
            	<paramref name="index"/> is not a valid index in the <see cref="T:System.Collections.Generic.IList`1"/>.
            </exception>
            <exception cref="T:System.NotSupportedException">
            The <see cref="T:System.Collections.Generic.IList`1"/> is read-only.
            </exception>
        </member>
        <member name="M:Swordfish.NET.Collections.VirtualizingCollection`1.RemoveAt(System.Int32)">
            <summary>
            Not supported.
            </summary>
            <param name="index">The zero-based index of the item to remove.</param>
            <exception cref="T:System.ArgumentOutOfRangeException">
            	<paramref name="index"/> is not a valid index in the <see cref="T:System.Collections.Generic.IList`1"/>.
            </exception>
            <exception cref="T:System.NotSupportedException">
            The <see cref="T:System.Collections.Generic.IList`1"/> is read-only.
            </exception>
        </member>
        <member name="M:Swordfish.NET.Collections.VirtualizingCollection`1.Remove(Swordfish.NET.Collections.VirtualizingCollectionDataWrapper{`0})">
            <summary>
            Not supported.
            </summary>
            <param name="item">The object to remove from the <see cref="T:System.Collections.Generic.ICollection`1"/>.</param>
            <returns>
            true if <paramref name="item"/> was successfully removed from the <see cref="T:System.Collections.Generic.ICollection`1"/>; otherwise, false. This method also returns false if <paramref name="item"/> is not found in the original <see cref="T:System.Collections.Generic.ICollection`1"/>.
            </returns>
            <exception cref="T:System.NotSupportedException">
            The <see cref="T:System.Collections.Generic.ICollection`1"/> is read-only.
            </exception>
        </member>
        <member name="M:Swordfish.NET.Collections.VirtualizingCollection`1.CopyTo(Swordfish.NET.Collections.VirtualizingCollectionDataWrapper{`0}[],System.Int32)">
            <summary>
            Not supported.
            </summary>
            <param name="array">The one-dimensional <see cref="T:System.Array"/> that is the destination of the elements copied from <see cref="T:System.Collections.Generic.ICollection`1"/>. The <see cref="T:System.Array"/> must have zero-based indexing.</param>
            <param name="arrayIndex">The zero-based index in <paramref name="array"/> at which copying begins.</param>
            <exception cref="T:System.ArgumentNullException">
            	<paramref name="array"/> is null.
            </exception>
            <exception cref="T:System.ArgumentOutOfRangeException">
            	<paramref name="arrayIndex"/> is less than 0.
            </exception>
            <exception cref="T:System.ArgumentException">
            	<paramref name="array"/> is multidimensional.
            -or-
            <paramref name="arrayIndex"/> is equal to or greater than the length of <paramref name="array"/>.
            -or-
            The number of elements in the source <see cref="T:System.Collections.Generic.ICollection`1"/> is greater than the available space from <paramref name="arrayIndex"/> to the end of the destination <paramref name="array"/>.
            -or-
            Type <paramref name="T"/> cannot be cast automatically to the type of the destination <paramref name="array"/>.
            </exception>
        </member>
        <member name="P:Swordfish.NET.Collections.VirtualizingCollection`1.SyncRoot">
            <summary>
            Gets an object that can be used to synchronize access to the <see cref="T:System.Collections.ICollection"/>.
            </summary>
            <value></value>
            <returns>
            An object that can be used to synchronize access to the <see cref="T:System.Collections.ICollection"/>.
            </returns>
        </member>
        <member name="P:Swordfish.NET.Collections.VirtualizingCollection`1.IsSynchronized">
            <summary>
            Gets a value indicating whether access to the <see cref="T:System.Collections.ICollection"/> is synchronized (thread safe).
            </summary>
            <value></value>
            <returns>Always false.
            </returns>
        </member>
        <member name="P:Swordfish.NET.Collections.VirtualizingCollection`1.IsReadOnly">
            <summary>
            Gets a value indicating whether the <see cref="T:System.Collections.Generic.ICollection`1"/> is read-only.
            </summary>
            <value></value>
            <returns>Always true.
            </returns>
        </member>
        <member name="P:Swordfish.NET.Collections.VirtualizingCollection`1.IsFixedSize">
            <summary>
            Gets a value indicating whether the <see cref="T:System.Collections.IList"/> has a fixed size.
            </summary>
            <value></value>
            <returns>Always false.
            </returns>
        </member>
        <member name="M:Swordfish.NET.Collections.VirtualizingCollection`1.CleanUpPages">
            <summary>
            Cleans up any stale pages that have not been accessed in the period dictated by PageTimeout.
            </summary>
        </member>
        <member name="M:Swordfish.NET.Collections.VirtualizingCollection`1.RequestPage(System.Int32)">
            <summary>
            Makes a request for the specified page, creating the necessary slots in the dictionary,
            and updating the page touch time.
            </summary>
            <param name="pageIndex">Index of the page.</param>
        </member>
        <member name="M:Swordfish.NET.Collections.VirtualizingCollection`1.PopulatePage(System.Int32,System.Collections.Generic.IList{`0})">
            <summary>
            Populates the page within the dictionary.
            </summary>
            <param name="pageIndex">Index of the page.</param>
            <param name="page">The page.</param>
        </member>
        <member name="M:Swordfish.NET.Collections.VirtualizingCollection`1.EmptyCache">
            <summary>
            Removes all cached pages. This is useful when the count of the 
            underlying collection changes.
            </summary>
        </member>
        <member name="M:Swordfish.NET.Collections.VirtualizingCollection`1.TrimIncompletePages(System.Int32)">
            <summary>
            When the collection is extended we trim the last cache entry as it might be
            incomplete.
            </summary>
            <param name="minIndexToRemove"></param>
        </member>
        <member name="M:Swordfish.NET.Collections.VirtualizingCollection`1.LoadCount">
            <summary>
            Loads the count of items.
            </summary>
        </member>
        <member name="M:Swordfish.NET.Collections.VirtualizingCollection`1.LoadPage(System.Int32,System.Int32)">
            <summary>
            Loads the page of items.
            </summary>
            <param name="pageIndex">Index of the page.</param>
            <param name="pageLength">Number of items in the page.</param>
        </member>
        <member name="M:Swordfish.NET.Collections.VirtualizingCollection`1.FetchPage(System.Int32,System.Int32,System.Int32@)">
            <summary>
            Fetches the requested page from the IItemsProvider.
            </summary>
            <param name="pageIndex">Index of the page.</param>
            <returns></returns>
        </member>
        <member name="M:Swordfish.NET.Collections.VirtualizingCollection`1.FetchCount">
            <summary>
            Fetches the count of itmes from the IItemsProvider.
            </summary>
            <returns></returns>
        </member>
        <member name="T:Swordfish.NET.Collections.VirtualizingCollectionAsync`1">
            <summary>
            Derived VirtualizatingCollection, performing loading asychronously.
            </summary>
            <typeparam name="T">The type of items in the collection</typeparam>
        </member>
        <member name="M:Swordfish.NET.Collections.VirtualizingCollectionAsync`1.#ctor(Swordfish.NET.Collections.IVirtualizingCollectionItemsProvider{`0},System.Int32,System.Int32)">
            <summary>
            Initializes a new instance of the <see cref="T:Swordfish.NET.Collections.VirtualizingCollectionAsync`1"/> class.
            </summary>
            <param name="itemsProvider">The items provider.</param>
            <param name="pageSize">Size of the page.</param>
            <param name="pageTimeout">The page timeout.</param>
        </member>
        <member name="P:Swordfish.NET.Collections.VirtualizingCollectionAsync`1.SynchronizationContext">
            <summary>
            Gets the synchronization context used for UI-related operations. This is obtained as
            the current SynchronizationContext when the AsyncVirtualizingCollection is created.
            </summary>
            <value>The synchronization context.</value>
        </member>
        <member name="E:Swordfish.NET.Collections.VirtualizingCollectionAsync`1.CollectionChanged">
            <summary>
            Occurs when the collection changes.
            </summary>
        </member>
        <member name="M:Swordfish.NET.Collections.VirtualizingCollectionAsync`1.OnCollectionChanged(System.Collections.Specialized.NotifyCollectionChangedEventArgs)">
            <summary>
            Raises the <see cref="E:CollectionChanged"/> event.
            </summary>
            <param name="e">The <see cref="T:System.Collections.Specialized.NotifyCollectionChangedEventArgs"/> instance containing the event data.</param>
        </member>
        <member name="M:Swordfish.NET.Collections.VirtualizingCollectionAsync`1.FireCollectionReset">
            <summary>
            Fires the collection reset event.
            </summary>
        </member>
        <member name="P:Swordfish.NET.Collections.VirtualizingCollectionAsync`1.IsLoading">
            <summary>
            Gets or sets a value indicating whether the collection is loading.
            </summary>
            <value>
            	<c>true</c> if this collection is loading; otherwise, <c>false</c>.
            </value>
        </member>
        <member name="M:Swordfish.NET.Collections.VirtualizingCollectionAsync`1.LoadCount">
            <summary>
            Asynchronously loads the count of items.
            </summary>
        </member>
        <member name="M:Swordfish.NET.Collections.VirtualizingCollectionAsync`1.LoadCountWork(System.Object)">
            <summary>
            Performed on background thread.
            </summary>
            <param name="args">None required.</param>
        </member>
        <member name="M:Swordfish.NET.Collections.VirtualizingCollectionAsync`1.LoadCountCompleted(System.Object)">
            <summary>
            Performed on UI-thread after LoadCountWork.
            </summary>
            <param name="args">Number of items returned.</param>
        </member>
        <member name="M:Swordfish.NET.Collections.VirtualizingCollectionAsync`1.LoadPage(System.Int32,System.Int32)">
            <summary>
            Asynchronously loads the page.
            </summary>
            <param name="index">The index.</param>
        </member>
        <member name="M:Swordfish.NET.Collections.VirtualizingCollectionAsync`1.LoadPageWork(System.Object)">
            <summary>
            Performed on background thread.
            </summary>
            <param name="args">Index of the page to load.</param>
        </member>
        <member name="M:Swordfish.NET.Collections.VirtualizingCollectionAsync`1.LoadPageCompleted(System.Object)">
            <summary>
            Performed on UI-thread after LoadPageWork.
            </summary>
            <param name="args">object[] { int pageIndex, IList(T) page }</param>
        </member>
        <!-- Badly formed XML comment ignored for member "T:Swordfish.NET.Collections.VirtualizingCollectionDynamicAsync`1" -->
        <member name="M:Swordfish.NET.Collections.VirtualizingCollectionDynamicAsync`1.#ctor(Swordfish.NET.Collections.IVirtualizingCollectionItemsProvider{`0},System.Int32,System.Int32,System.Int32)">
            <summary>
            Constructor. Hooks up the event handler triggered when the timer ticks.
            </summary>
            <param name="itemsProvider">The items provider.</param>
            <param name="pageSize">Size of the page (number of items).</param>
            <param name="pageTimeout">The page timeout, in milliseconds.</param>
            <param name="loadCountInterval">The interval between count loads from the database, in milliseconds.</param>
        </member>
        <member name="M:Swordfish.NET.Collections.VirtualizingCollectionDynamicAsync`1.LoadCountCompleted(System.Object)">
            <summary>
            As soon as we receive the count we start the timer to retrieve it again.
            </summary>
        </member>
        <member name="M:Swordfish.NET.Collections.VirtualizingCollectionDynamicAsync`1.TimerCallback(System.Object,System.EventArgs)">
            <summary>
            We retrieve the count of the underlying collection on a timer. 
            </summary>
        </member>
        <member name="T:Swordfish.NET.Collections.IVirtualizingCollectionItemsProvider`1">
            <summary>
            Represents a provider of collection details.
            </summary>
            <typeparam name="T">The type of items in the collection.</typeparam>
        </member>
        <member name="M:Swordfish.NET.Collections.IVirtualizingCollectionItemsProvider`1.FetchCount">
            <summary>
            Fetches the total number of items available.
            </summary>
            <returns></returns>
        </member>
        <member name="M:Swordfish.NET.Collections.IVirtualizingCollectionItemsProvider`1.FetchRange(System.Int32,System.Int32,System.Int32@)">
            <summary>
            Fetches a range of items.
            </summary>
            <param name="startIndex">The start index.</param>
            <param name="count">The number of items to fetch.</param>
            <returns></returns>
        </member>
        <member name="F:Swordfish.NET.Collections.WatchedRecursiveFileList._fileList">
            <summary>
            A list of files that are updated when the file system changes.
            </summary>
        </member>
        <member name="F:Swordfish.NET.Collections.WatchedRecursiveFileList._watcher">
            <summary>
            File system watcher that detects when any files have been added, deleted
            or modified at the file system level.
            </summary>
        </member>
        <member name="F:Swordfish.NET.Collections.WatchedRecursiveFileList._watchedDirectoryLocation">
            <summary>
            The location of the directory that is watched
            </summary>
        </member>
        <member name="F:Swordfish.NET.Collections.WatchedRecursiveFileList._fileFilter">
            <summary>
            File filter for which files are watched
            </summary>
        </member>
        <member name="P:Swordfish.NET.Collections.WatchedRecursiveFileList.FileList">
            <summary>
            Returns an observable list of models that can be bound to
            a combo box.
            </summary>
        </member>
        <member name="T:Swordfish.NET.Collections.WeakDictionary`2">
            <summary>
            A generic dictionary, which allows both its keys and values 
            to be garbage collected if there are no other references
            to them than from the dictionary itself.
            </summary>
            
            <remarks>
            If either the key or value of a particular entry in the dictionary
            has been collected, then both the key and value become effectively
            unreachable. However, left-over WeakReference objects for the key
            and value will physically remain in the dictionary until
            RemoveCollectedEntries is called. This will lead to a discrepancy
            between the Count property and the number of iterations required
            to visit all of the elements of the dictionary using its
            enumerator or those of the Keys and Values collections. Similarly,
            CopyTo will copy fewer than Count elements in this situation.
            </remarks>
        </member>
    </members>
</doc>
